Workbook

Sheet Summary
A1: DM-32UV settings check: dm32.bin vs QDMR vs factory CPS
A2: Built from the analysis in this chat. Nothing here has been tested on a radio.
A4: Counts
A5: Match | B5: =COUNTIF(Comparison!$K$5:$K$90,"Match") -> 57
A6: Differs | B6: =COUNTIF(Comparison!$K$5:$K$90,"Differs") -> 12
A7: Unverified | B7: =COUNTIF(Comparison!$K$5:$K$90,"Unverified") -> 2
A8: Not compared | B8: =COUNTIF(Comparison!$K$5:$K$90,"Not compared") -> 15
A9: Total settings listed | B9: =SUM(B5:B8) -> 86
A10: Share of compared settings that match | B10: =B5/(B5+B6+B7) -> 0.8028169
A12: Main findings
A13: 1. The dump is a DfuSe file; the general settings are at address 0x4000. Most settings match the factory CPS values when read with QDMR's offsets (see the counts above).
A14: 2. TOT and Active Wait Time: QDMR reads one step higher than the factory CPS (125 s vs 120 s, 660 ms vs 630 ms).
A15: 3. VOX Level, both mic levels and brightness: the factory CPS shows raw + 1. QDMR rescales the mic levels and brightness to a 1-10 scale, and reads VOX raw 0 as "off".
A16: 4. GPS switch, GPS mode, time zone, Work Mode A/B and Main Channel: QDMR's reading differs from the factory display (see the Differences sheet).
A17: 5. Round trip: for the values QDMR both reads and writes (TOT, VOX, mic levels) the raw byte comes back unchanged (see the Round trip sheet).
A19: Sources and assumptions
A20: - Raw bytes: your dm32.bin (394,285 bytes), element at address 0x4000 (4,096 bytes).
A21: - Offsets and QDMR's decoding rules: QDMR source, lib/dm32uv_codeplug.hh and dm32uv_codeplug.cc (GeneralSettingsElement).
A22: - Factory CPS values: read from your 12 Optional Features screenshots.
A23: - Assumption: the factory CPS file and the radio dump describe the same radio state. The many matching values (see the counts above) suggest they do, but this is not proven.
A24: - Candidate factory rules on the Differences sheet are fitted to one data point each. A second dump with a different value would confirm or reject them.
... A30: - Round trip: whether QDMR changes the value when it reads and writes it back.

Sheet Comparison
A1: DM-32UV general settings: raw bytes in dm32.bin vs QDMR vs factory CPS
A2: Offsets are within the general settings block at address 0x4000 of dm32.bin (DfuSe file). Field value is calculated from the raw byte with the bit position and width shown. Result is my judgment from comparing the QDMR reading with the factory screenshot values.
A4: Factory tab | B4: Factory setting | C4: QDMR field | D4: Byte offset (hex) | E4: Bit | F4: Width (bits) | G4: Raw byte (hex) | H4: Field value | I4: QDMR reads as | J4: Factory CPS shows | K4: Result | L4: Note
A5: Power on/off | B5: Auto Power Off | C5: autoPowerOffDelay | D5: 0x1E | E5: 0 | F5: 8 | G5: 00 | H5: =MOD(INT(HEX2DEC(G5)/2^E5),2^F5) -> 0 | I5: Off | J5: Off | K5: Match
A6: Power on/off | B6: Power On Interface | C6: bootDisplay | D6: 0x00 | E6: 0 | F6: 8 | G6: 00 | H6: =MOD(INT(HEX2DEC(G6)/2^E6),2^F6) -> 0 | I6: Image | J6: Power On Picture | K6: Match
A7: Power on/off | B7: Power On Display Line 1 | C7: bootMessage1 | D7: 0x01 | E7: 0 | F7: text | G7: — | H7: — | I7: Welcome | J7: Welcome | K7: Match | L7: Text field, 14 characters; read from the dump as text.
A8: Power on/off | B8: Power On Display Line 2 | C8: bootMessage2 | D8: 0x0F | E8: 0 | F8: text | G8: — | H8: — | I8: DM-32UV | J8: DM-32UV | K8: Match | L8: Text field, 14 characters; read from the dump as text.
A9: Power on/off | B9: Allow Reset | C9: mcuReset | D9: 0x1D | E9: 0 | F9: 8 | G9: 01 | H9: =MOD(INT(HEX2DEC(G9)/2^E9),2^F9) -> 1 | I9: Checked | J9: Checked | K9: Match
A10: Alert Tone | B10: Analog Roger Tone | C10: fmRogerTone | D10: 0x21 | E10: 1 | F10: 2 | G10: 40 | H10: =MOD(INT(HEX2DEC(G10)/2^E10),2^F10) -> 0 | I10: Off | J10: Off | K10: Match
A11: Alert Tone | B11: Radio Silent | C11: radioSilent | D11: 0x20 | E11: 7 | F11: 1 | G11: 3E | H11: =MOD(INT(HEX2DEC(G11)/2^E11),2^F11) -> 0 | I11: Unchecked | J11: Unchecked | K11: Match
A12: Alert Tone | B12: Key Tone | C12: keyTone | D12: 0x20 | E12: 6 | F12: 1 | G12: 3E | H12: =MOD(INT(HEX2DEC(G12)/2^E12),2^F12) -> 0 | I12: Unchecked | J12: Unchecked | K12: Match
A13: Alert Tone | B13: SMS Alert | C13: smsTone | D13: 0x20 | E13: 5 | F13: 1 | G13: 3E | H13: =MOD(INT(HEX2DEC(G13)/2^E13),2^F13) -> 1 | I13: Checked | J13: Checked | K13: Match
A14: Alert Tone | B14: Group Call Tone | C14: groupCallTone | D14: 0x20 | E14: 4 | F14: 1 | G14: 3E | H14: =MOD(INT(HEX2DEC(G14)/2^E14),2^F14) -> 1 | I14: Checked | J14: Checked | K14: Match | L14: Not exported to the YAML by QDMR.
A15: Alert Tone | B15: Private Call Tone | C15: privateCallTone | D15: 0x20 | E15: 3 | F15: 1 | G15: 3E | H15: =MOD(INT(HEX2DEC(G15)/2^E15),2^F15) -> 1 | I15: Checked | J15: Checked | K15: Match
A16: Alert Tone | B16: Call End Tone | C16: eotTone | D16: 0x20 | E16: 2 | F16: 1 | G16: 3E | H16: =MOD(INT(HEX2DEC(G16)/2^E16),2^F16) -> 1 | I16: Checked | J16: Checked | K16: Match
A17: Alert Tone | B17: Talk Permit Tone | C17: talkPermitTone | D17: 0x20 | E17: 1 | F17: 1 | G17: 3E | H17: =MOD(INT(HEX2DEC(G17)/2^E17),2^F17) -> 1 | I17: Checked | J17: Checked | K17: Match
A18: Alert Tone | B18: StartUp Sound | C18: bootTone | D18: 0x20 | E18: 0 | F18: 1 | G18: 3E | H18: =MOD(INT(HEX2DEC(G18)/2^E18),2^F18) -> 0 | I18: Unchecked | J18: Unchecked | K18: Match
A19: Alert Tone | B19: Voice Prompt | C19: voicePrompt | D19: 0x21 | E19: 7 | F19: 1 | G19: 40 | H19: =MOD(INT(HEX2DEC(G19)/2^E19),2^F19) -> 0 | I19: Unchecked | J19: Unchecked | K19: Match
A20: Alert Tone | B20: Battery Low | C20: lowBatteryTone | D20: 0x21 | E20: 6 | F20: 1 | G20: 40 | H20: =MOD(INT(HEX2DEC(G20)/2^E20),2^F20) -> 1 | I20: Checked | J20: Checked | K20: Match | L20: Not exported to the YAML by QDMR.
A21: Display | B21: Volume Change Prompt | C21: showVolumeChange | D21: 0x33 | E21: 4 | F21: 1 | G21: 19 | H21: =MOD(INT(HEX2DEC(G21)/2^E21),2^F21) -> 1 | I21: Checked | J21: Checked | K21: Match
A22: Display | B22: Time Display | C22: showClock | D22: 0x33 | E22: 0 | F22: 1 | G22: 19 | H22: =MOD(INT(HEX2DEC(G22)/2^E22),2^F22) -> 1 | I22: Checked | J22: Checked | K22: Match
A23: Display | B23: Date Display Format | C23: dateFormat | D23: 0x33 | E23: 3 | F23: 1 | G23: 19 | H23: =MOD(INT(HEX2DEC(G23)/2^E23),2^F23) -> 1 | I23: DD/MM/YYYY | J23: d/m/yyy | K23: Match | L23: Factory label has a typo (yyy).
A24: Display | B24: Backlight Brightness | C24: displayBrightness | D24: 0x30 | E24: 0 | F24: 8 | G24: 04 | H24: =MOD(INT(HEX2DEC(G24)/2^E24),2^F24) -> 4 | I24: 8 (scale 1-10) | J24: 5 | K24: Differs | L24: See Differences sheet.
A25: Display | B25: Auto Backlight Duration | C25: backlightDuration | D25: 0x31 | E25: 0 | F25: 8 | G25: 01 | H25: =MOD(INT(HEX2DEC(G25)/2^E25),2^F25) -> 1 | I25: 5 s | J25: 5 s | K25: Match
A26: Display | B26: Menu Exit Time[s] | C26: menuDuration | D26: 0x32 | E26: 0 | F26: 8 | G26: 02 | H26: =MOD(INT(HEX2DEC(G26)/2^E26),2^F26) -> 2 | I26: 10 s | J26: 10 | K26: Match
A27: Display | B27: Call Display Color | C27: callColor | D27: 0x34 | E27: 0 | F27: 8 | G27: 06 | H27: =MOD(INT(HEX2DEC(G27)/2^E27),2^F27) -> 6 | I27: Cyan | J27: Cyan | K27: Match
A28: Display | B28: Standby Character Color | C28: standbyColor | D28: 0x35 | E28: 0 | F28: 8 | G28: 05 | H28: =MOD(INT(HEX2DEC(G28)/2^E28),2^F28) -> 5 | I28: Green | J28: Green | K28: Match
A29: Display | B29: A Channel Name Color | C29: channelNameAColor | D29: 0x38 | E29: 0 | F29: 8 | G29: 02 | H29: =MOD(INT(HEX2DEC(G29)/2^E29),2^F29) -> 2 | I29: Orange | J29: Orange | K29: Match
A30: Display | B30: B Channel Name Color | C30: channelNameBColor | D30: 0x39 | E30: 0 | F30: 8 | G30: 04 | H30: =MOD(INT(HEX2DEC(G30)/2^E30),2^F30) -> 4 | I30: Yellow | J30: Yellow | K30: Match
A31: Display | B31: Zone A Color | C31: zoneNameAColor | D31: 0x3A | E31: 0 | F31: 8 | G31: 07 | H31: =MOD(INT(HEX2DEC(G31)/2^E31),2^F31) -> 7 | I31: Blue | J31: Blue | K31: Match
A32: Display | B32: Zone B Color | C32: zoneNameBColor | D32: 0x3B | E32: 0 | F32: 8 | G32: 03 | H32: =MOD(INT(HEX2DEC(G32)/2^E32),2^F32) -> 3 | I32: Red | J32: Red | K32: Match | L32: Factory label reads "Read"; taken to be Red.
A33: GPS | B33: GPS Switch | C33: enableGNSS | D33: 0x40 | E33: 0 | F33: 1 | G33: 49 | H33: =MOD(INT(HEX2DEC(G33)/2^E33),2^F33) -> 1 | I33: Checked | J33: Unchecked | K33: Differs | L33: See Differences sheet.
A34: GPS | B34: GPS Mode | C34: gnssMode | D34: 0x40 | E34: 3 | F34: 2 | G34: 49 | H34: =MOD(INT(HEX2DEC(G34)/2^E34),2^F34) -> 1 | I34: Beidou | J34: GPS+BDS | K34: Differs | L34: See Differences sheet.
A35: GPS | B35: Time Zone | C35: timeZone | D35: 0x41 | E35: 0 | F35: 8 | G35: 14 | H35: =MOD(INT(HEX2DEC(G35)/2^E35),2^F35) -> 20 | I35: UTC+9:00 | J35: UTC +8:00 | K35: Differs | L35: See Differences sheet.
A36: GPS | B36: Measure Period Interval[s] | C36: posUpdatePeriod | D36: 0x42 | E36: 0 | F36: 8 | G36: 05 | H36: =MOD(INT(HEX2DEC(G36)/2^E36),2^F36) -> 5 | I36: 5 min | J36: 5 | K36: Unverified | L36: Same number; QDMR calls the unit minutes, the factory label says seconds.
A37: GPS | B37: GPS Display Format | C37: positionFormat | D37: 0x40 | E37: 6 | F37: 1 | G37: 49 | H37: =MOD(INT(HEX2DEC(G37)/2^E37),2^F37) -> 1 | I37: Degree/Min/Sec | J37: Degree/Min/Sec | K37: Match
A38: Record | B38: Record Switch | C38: enableRecording | D38: 0x45 | E38: 0 | F38: 1 | G38: 00 | H38: =MOD(INT(HEX2DEC(G38)/2^E38),2^F38) -> 0 | I38: Unchecked | J38: Unchecked | K38: Match
A39: Record | B39: Record Type | C39: recordMode | D39: 0x43 | E39: 2 | F39: 2 | G39: 00 | H39: =MOD(INT(HEX2DEC(G39)/2^E39),2^F39) -> 0 | I39: Receive | J39: Receive Record | K39: Match
A40: Digital | B40: Call Hold Time[s] | C40: dmrCallHangTime | D40: 0x61 | E40: 0 | F40: 8 | G40: 04 | H40: =MOD(INT(HEX2DEC(G40)/2^E40),2^F40) -> 4 | I40: 2.0 s | J40: 2.0 | K40: Match
A41: Digital | B41: Active Wait Time[ms] | C41: activeWaitTime | D41: 0x62 | E41: 0 | F41: 8 | G41: 0C | H41: =MOD(INT(HEX2DEC(G41)/2^E41),2^F41) -> 12 | I41: 660 ms | J41: 630 | K41: Differs | L41: See Differences sheet.
A42: Digital | B42: Active Retries Time | C42: activeReties | D42: 0x63 | E42: 0 | F42: 8 | G42: 03 | H42: =MOD(INT(HEX2DEC(G42)/2^E42),2^F42) -> 3 | I42: 3 | J42: 3 | K42: Match
A43: Digital | B43: Pre-Carrier Time[ms] | C43: dmrPreambleDur | D43: 0x64 | E43: 0 | F43: 8 | G43: 03 | H43: =MOD(INT(HEX2DEC(G43)/2^E43),2^F43) -> 3 | I43: 480 ms | J43: 480 | K43: Match
A44: Digital | B44: SMS Format | C44: smsFormat | D44: 0x65 | E44: 1 | F44: 2 | G44: 2B | H44: =MOD(INT(HEX2DEC(G44)/2^E44),2^F44) -> 1 | I44: Motorola | J44: M-SMS | K44: Match
A45: Digital | B45: Remote Monitor Time[s] | C45: dmrRemoteMonitorDuration | D45: 0x66 | E45: 0 | F45: 8 | G45: 00 | H45: =MOD(INT(HEX2DEC(G45)/2^E45),2^F45) -> 0 | I45: 10 s | J45: 10 | K45: Match
A46: Digital | B46: Name Data Format | C46: dmrTalkerAliasFormat | D46: 0x67 | E46: 4 | F46: 1 | G46: 00 | H46: =MOD(INT(HEX2DEC(G46)/2^E46),2^F46) -> 0 | I46: ISO 8bit | J46: ISO 8bit | K46: Match
A47: Digital | B47: Send TX Name | C47: txTalkerAlias | D47: 0x67 | E47: 3 | F47: 1 | G47: 00 | H47: =MOD(INT(HEX2DEC(G47)/2^E47),2^F47) -> 0 | I47: No | J47: No | K47: Match
A48: Digital | B48: Name Display Priority | C48: talkerSource | D48: 0x67 | E48: 2 | F48: 1 | G48: 00 | H48: =MOD(INT(HEX2DEC(G48)/2^E48),2^F48) -> 0 | I48: Callsign database | J48: Contact Priority | K48: Unverified | L48: Names differ; probably the same setting but not confirmed.
A49: Digital | B49: Radio Disable Decode | C49: dmrKill | D49: 0x65 | E49: 6 | F49: 1 | G49: 2B | H49: =MOD(INT(HEX2DEC(G49)/2^E49),2^F49) -> 0 | I49: Unchecked | J49: Unchecked | K49: Match
A50: Digital | B50: Remote Monitor Decode | C50: dmrMonitor | D50: 0x65 | E50: 7 | F50: 1 | G50: 2B | H50: =MOD(INT(HEX2DEC(G50)/2^E50),2^F50) -> 0 | I50: Unchecked | J50: Unchecked | K50: Match
A51: Digital | B51: Call Alert Decode | C51: dmrRXAlert | D51: 0x65 | E51: 3 | F51: 1 | G51: 2B | H51: =MOD(INT(HEX2DEC(G51)/2^E51),2^F51) -> 1 | I51: Checked | J51: Checked | K51: Match
A52: Digital | B52: Radio Enable Decode | C52: dmrReenable | D52: 0x65 | E52: 4 | F52: 1 | G52: 2B | H52: =MOD(INT(HEX2DEC(G52)/2^E52),2^F52) -> 0 | I52: Unchecked | J52: Unchecked | K52: Match
A53: Digital | B53: Radio Check Decode | C53: dmrRadioCheck | D53: 0x65 | E53: 5 | F53: 1 | G53: 2B | H53: =MOD(INT(HEX2DEC(G53)/2^E53),2^F53) -> 1 | I53: Checked | J53: Checked | K53: Match
A54: Digital | B54: Missed Call Alert | C54: missedCallNotification | D54: 0x65 | E54: 0 | F54: 1 | G54: 2B | H54: =MOD(INT(HEX2DEC(G54)/2^E54),2^F54) -> 1 | I54: Checked | J54: Checked | K54: Match
A55: Digital | B55: Private Call Match | C55: privateCallMatch | D55: 0x60 | E55: 0 | F55: 1 | G55: 00 | H55: =MOD(INT(HEX2DEC(G55)/2^E55),2^F55) -> 0 | I55: Unchecked | J55: Unchecked | K55: Match
A56: Digital | B56: Group Call Match | C56: groupCallMatch | D56: 0x60 | E56: 1 | F56: 1 | G56: 00 | H56: =MOD(INT(HEX2DEC(G56)/2^E56),2^F56) -> 0 | I56: Unchecked | J56: Unchecked | K56: Match
A57: Work Mode | B57: Only Channel Mode | C57: disableVFOMode | D57: 0x80 | E57: 0 | F57: 1 | G57: 7E | H57: =MOD(INT(HEX2DEC(G57)/2^E57),2^F57) -> 0 | I57: Unchecked | J57: Unchecked | K57: Match
A58: Work Mode | B58: Work Mode(A) | C58: vfoModeA | D58: 0x80 | E58: 1 | F58: 1 | G58: 7E | H58: =MOD(INT(HEX2DEC(G58)/2^E58),2^F58) -> 1 | I58: VFO | J58: MR | K58: Differs | L58: See Differences sheet.
A59: Work Mode | B59: Work Mode(B) | C59: vfoModeB | D59: 0x80 | E59: 2 | F59: 1 | G59: 7E | H59: =MOD(INT(HEX2DEC(G59)/2^E59),2^F59) -> 1 | I59: VFO | J59: MR | K59: Differs | L59: See Differences sheet.
A60: Work Mode | B60: A Channel Display Mode | C60: displayModeA | D60: 0x80 | E60: 3 | F60: 1 | G60: 7E | H60: =MOD(INT(HEX2DEC(G60)/2^E60),2^F60) -> 1 | I60: Channel name | J60: Channel | K60: Match
A61: Work Mode | B61: B Channel Display Mode | C61: displayModeB | D61: 0x80 | E61: 4 | F61: 1 | G61: 7E | H61: =MOD(INT(HEX2DEC(G61)/2^E61),2^F61) -> 1 | I61: Channel name | J61: Channel | K61: Match
A62: Work Mode | B62: Main Channel Setting | C62: mainVFO | D62: 0x80 | E62: 5 | F62: 1 | G62: 7E | H62: =MOD(INT(HEX2DEC(G62)/2^E62),2^F62) -> 1 | I62: B | J62: A | K62: Differs | L62: See Differences sheet.
A63: Work Mode | B63: Dual Watch Mode | C63: dualStandbyMode | D63: 0x80 | E63: 6 | F63: 2 | G63: 7E | H63: =MOD(INT(HEX2DEC(G63)/2^E63),2^F63) -> 1 | I63: Double standby | J63: Double Wait | K63: Match
A64: Work Mode | B64: Dual Watch Hang Time[ms] | C64: dualStandbyHangTime | D64: 0x81 | E64: 0 | F64: 8 | G64: 01 | H64: =MOD(INT(HEX2DEC(G64)/2^E64),2^F64) -> 1 | I64: 500 ms | J64: 500 | K64: Match
A65: Other | B65: Disable All LEDs | C65: disableLEDs | D65: 0xA4 | E65: 0 | F65: 1 | G65: 36 | H65: =MOD(INT(HEX2DEC(G65)/2^E65),2^F65) -> 0 | I65: Unchecked | J65: Unchecked | K65: Match
A66: Other | B66: Weather Alarm | C66: weatherAlarm | D66: 0xA4 | E66: 2 | F66: 1 | G66: 36 | H66: =MOD(INT(HEX2DEC(G66)/2^E66),2^F66) -> 1 | I66: Checked | J66: Checked | K66: Match
A67: Other | B67: TOT[s] | C67: transmitTimeout | D67: 0xA0 | E67: 0 | F67: 8 | G67: 16 | H67: =MOD(INT(HEX2DEC(G67)/2^E67),2^F67) -> 22 | I67: 125 s | J67: 120 | K67: Differs | L67: See Differences sheet.
A68: Other | B68: TOT Pre Time[s] | C68: totReminder | D68: 0xA1 | E68: 0 | F68: 8 | G68: 05 | H68: =MOD(INT(HEX2DEC(G68)/2^E68),2^F68) -> 5 | I68: 5 s | J68: 5 | K68: Match
A69: Other | B69: VOX Level | C69: voxLevel | D69: 0xA2 | E69: 0 | F69: 8 | G69: 00 | H69: =MOD(INT(HEX2DEC(G69)/2^E69),2^F69) -> 0 | I69: Off | J69: 1 | K69: Differs | L69: See Differences sheet.
A70: Other | B70: VOX Delay Time[s] | C70: voxDelay | D70: 0xA3 | E70: 0 | F70: 8 | G70: 0A | H70: =MOD(INT(HEX2DEC(G70)/2^E70),2^F70) -> 10 | I70: 1.0 s | J70: 1.0 | K70: Match
A71: Other | B71: Power Save | C71: powerSaveMode | D71: 0xA4 | E71: 4 | F71: 2 | G71: 36 | H71: =MOD(INT(HEX2DEC(G71)/2^E71),2^F71) -> 3 | I71: 75% off | J71: 1:4 | K71: Match | L71: 75% sleep time is taken to be the factory 1:4.
A72: Other | B72: Tail Noise Reduction | C72: steMode | D72: 0xA5 | E72: 0 | F72: 2 | G72: 23 | H72: =MOD(INT(HEX2DEC(G72)/2^E72),2^F72) -> 3 | I72: 55 Hz | J72: 55Hz | K72: Match
A73: Other | B73: TBST | C73: tbstFrequency | D73: 0xA5 | E73: 4 | F73: 2 | G73: 23 | H73: =MOD(INT(HEX2DEC(G73)/2^E73),2^F73) -> 2 | I73: 1750 Hz | J73: 1750Hz | K73: Match
A74: Other | B74: Analog MIC Level | C74: fmMicLevel | D74: 0xA6 | E74: 0 | F74: 8 | G74: 04 | H74: =MOD(INT(HEX2DEC(G74)/2^E74),2^F74) -> 4 | I74: 9 (scale 1-10) | J74: 5 | K74: Differs | L74: See Differences sheet.
A75: Other | B75: Digital MIC Level | C75: dmrMicLevel | D75: 0xA7 | E75: 0 | F75: 8 | G75: 03 | H75: =MOD(INT(HEX2DEC(G75)/2^E75),2^F75) -> 3 | I75: 7 (scale 1-10) | J75: 4 | K75: Differs | L75: See Differences sheet.
A76: Other | B76: Language | C76: — | D76: — | E76: — | F76: — | G76: — | H76: — | I76: — | J76: — | K76: Not compared | L76: Greyed in the factory CPS (English).
A77: VFO Scan | B77: Scan Recovery Type | C77: — | D77: — | E77: — | F77: — | G77: — | H77: — | I77: — | J77: — | K77: Not compared | L77: Factory shows Time.
A78: VFO Scan | B78: Scan Freq Upper(VHF)(MHz) | C78: — | D78: — | E78: — | F78: — | G78: — | H78: — | I78: — | J78: — | K78: Not compared | L78: Factory shows 144.
A79: VFO Scan | B79: Scan Freq Lower(VHF)(MHz) | C79: — | D79: — | E79: — | F79: — | G79: — | H79: — | I79: — | J79: — | K79: Not compared | L79: Factory shows 148.
A80: VFO Scan | B80: Scan Freq Upper(UHF)(MHz) | C80: — | D80: — | E80: — | F80: — | G80: — | H80: — | I80: — | J80: — | K80: Not compared | L80: Factory shows 430.
A81: VFO Scan | B81: Scan Freq Lower(UHF)(MHz) | C81: — | D81: — | E81: — | F81: — | G81: — | H81: — | I81: — | J81: — | K81: Not compared | L81: Factory shows 440.
A82: Password | B82: Power-on Password | C82: — | D82: — | E82: — | F82: — | G82: — | H82: — | I82: — | J82: — | K82: Not compared | L82: Unchecked in the factory CPS. QDMR reads it from a separate password block, not checked here.
A83: Password | B83: Read Data Password | C83: — | D83: — | E83: — | F83: — | G83: — | H83: — | I83: — | J83: — | K83: Not compared | L83: Unchecked in the factory CPS. Not in QDMR.
A84: Password | B84: Write Data Password | C84: — | D84: — | E84: — | F84: — | G84: — | H84: — | I84: — | J84: — | K84: Not compared | L84: Unchecked in the factory CPS. Not in QDMR.
A85: Lone Work | B85: Lone Work | C85: — | D85: — | E85: — | F85: — | G85: — | H85: — | I85: — | J85: — | K85: Not compared | L85: Unchecked in the factory CPS.
A86: Lone Work | B86: Response[min] | C86: — | D86: — | E86: — | F86: — | G86: — | H86: — | I86: — | J86: — | K86: Not compared | L86: Greyed (10) in the factory CPS.
A87: Lone Work | B87: Reminder Time[s] | C87: — | D87: — | E87: — | F87: — | G87: — | H87: — | I87: — | J87: — | K87: Not compared | L87: Greyed (10) in the factory CPS.
... A90: Menu | B90: Menu tab (47 checkboxes) | C90: — | D90: — | E90: — | F90: — | G90: — | H90: — | I90: — | J90: — | K90: Not compared | L90: All 47 ticked in the factory CPS. QDMR has no offsets for them.

Sheet Differences
A1: Where QDMR and the factory CPS disagree
A2: Numeric settings: the QDMR rule and a candidate factory rule are both calculated from the raw value. The candidate rules are fitted to this one dump (one data point each) and are NOT confirmed.
A4: Setting | B4: Raw value | C4: QDMR rule | D4: QDMR result | E4: Factory CPS shows | F4: Candidate factory rule | G4: Candidate result | H4: Candidate matches? | I4: Note
A5: TOT[s] | B5: =Comparison!H67 -> 22 | C5: raw x 5 + 15 (0 = off) | D5: =IF(B5=0,"Off",B5*5+15) -> 125 | E5: 120 | F5: (raw - 1) x 5 + 15 | G5: =(B5-1)*5+15 -> 120 | H5: =IF(G5=E5,"yes","no") -> yes | I5: QDMR is one step higher than the factory CPS.
A6: Active Wait Time[ms] | B6: =Comparison!H41 -> 12 | C6: raw x 30 + 300 | D6: =B6*30+300 -> 660 | E6: 630 | F6: (raw - 1) x 30 + 300 | G6: =(B6-1)*30+300 -> 630 | H6: =IF(G6=E6,"yes","no") -> yes | I6: Same pattern as TOT: one step higher in QDMR.
A7: VOX Level | B7: =Comparison!H69 -> 0 | C7: 0 = off, 1-5 = level | D7: =IF(B7=0,"Off",B7) -> Off | E7: 1 | F7: raw + 1 | G7: =B7+1 -> 1 | H7: =IF(G7=E7,"yes","no") -> yes | I7: The factory shows levels 1-5 for raw 0-4, so QDMR reading 0 as "off" looks like a misreading.
A8: Analog MIC Level | B8: =Comparison!H74 -> 4 | C8: raw x 10 / 5 + 1 (scale 1-10) | D8: =INT(B8*10/5)+1 -> 9 | E8: 5 | F8: raw + 1 | G8: =B8+1 -> 5 | H8: =IF(G8=E8,"yes","no") -> yes | I8: QDMR rescales 0-4 to 1-10; the factory shows raw + 1.
A9: Digital MIC Level | B9: =Comparison!H75 -> 3 | C9: raw x 10 / 5 + 1 (scale 1-10) | D9: =INT(B9*10/5)+1 -> 7 | E9: 4 | F9: raw + 1 | G9: =B9+1 -> 4 | H9: =IF(G9=E9,"yes","no") -> yes | I9: Same as the analog mic level.
A10: Backlight Brightness | B10: =Comparison!H24 -> 4 | C10: raw x 10 / 5 (scale 1-10) | D10: =INT(B10*10/5) -> 8 | E10: 5 | F10: raw + 1 | G10: =B10+1 -> 5 | H10: =IF(G10=E10,"yes","no") -> yes | I10: QDMR rescales 0-4 to a 10-point scale; the factory shows raw + 1.
A11: Time Zone (hours from UTC) | B11: =Comparison!H35 -> 20 | C11: raw - 11 | D11: =B11-11 -> 9 | E11: 8 | F11: raw - 12 | G11: =B11-12 -> 8 | H11: =IF(G11=E11,"yes","no") -> yes | I11: QDMR is one hour higher than the factory CPS.
A13: Settings with text values
A14: Setting | B14: Raw value | C14: QDMR reads as | D14: Factory CPS shows | E14: Note
A15: GPS Switch | B15: =Comparison!H33 -> 1 | C15: On | D15: Unchecked | E15: Raw bit is set; the factory box is empty.
A16: GPS Mode | B16: =Comparison!H34 -> 1 | C16: Beidou | D16: GPS+BDS | E16: Raw 1 is Beidou in QDMR but GPS+BDS in the factory CPS.
A17: Work Mode(A) | B17: =Comparison!H58 -> 1 | C17: VFO | D17: MR | E17: Raw 1 is VFO in QDMR but MR (channel mode) in the factory CPS.
A18: Work Mode(B) | B18: =Comparison!H59 -> 1 | C18: VFO | D18: MR | E18: Same as Work Mode(A).
A19: Main Channel Setting | B19: =Comparison!H62 -> 1 | C19: B | D19: A | E19: Raw 1 is B in QDMR but A in the factory CPS.

Sheet Round trip
A1: Does QDMR change these values when it reads and writes them back?
A2: Calculated with the same range-mapping formula QDMR uses (integer arithmetic). "Same?" = yes means the raw byte comes back unchanged.
A4: Setting | B4: Raw value on radio | C4: Level QDMR holds | D4: Raw value written back | E4: Same?
A5: Mic level (raw 0-4 mapped to 1-10) | B5: 0 | C5: =INT(B5*10/5)+1 -> 1 | D5: =INT((C5-1)*5/10) -> 0 | E5: =IF(D5=B5,"yes","no") -> yes
A6: Mic level (raw 0-4 mapped to 1-10) | B6: 1 | C6: =INT(B6*10/5)+1 -> 3 | D6: =INT((C6-1)*5/10) -> 1 | E6: =IF(D6=B6,"yes","no") -> yes
A7: Mic level (raw 0-4 mapped to 1-10) | B7: 2 | C7: =INT(B7*10/5)+1 -> 5 | D7: =INT((C7-1)*5/10) -> 2 | E7: =IF(D7=B7,"yes","no") -> yes
A8: Mic level (raw 0-4 mapped to 1-10) | B8: 3 | C8: =INT(B8*10/5)+1 -> 7 | D8: =INT((C8-1)*5/10) -> 3 | E8: =IF(D8=B8,"yes","no") -> yes
A9: Mic level (raw 0-4 mapped to 1-10) | B9: 4 | C9: =INT(B9*10/5)+1 -> 9 | D9: =INT((C9-1)*5/10) -> 4 | E9: =IF(D9=B9,"yes","no") -> yes
A10: VOX level (raw 1-5 mapped to 1-10) | B10: 1 | C10: =INT((B10-1)*10/5)+1 -> 1 | D10: =INT((C10-1)*5/10)+1 -> 1 | E10: =IF(D10=B10,"yes","no") -> yes
A11: VOX level (raw 1-5 mapped to 1-10) | B11: 2 | C11: =INT((B11-1)*10/5)+1 -> 3 | D11: =INT((C11-1)*5/10)+1 -> 2 | E11: =IF(D11=B11,"yes","no") -> yes
A12: VOX level (raw 1-5 mapped to 1-10) | B12: 3 | C12: =INT((B12-1)*10/5)+1 -> 5 | D12: =INT((C12-1)*5/10)+1 -> 3 | E12: =IF(D12=B12,"yes","no") -> yes
A13: VOX level (raw 1-5 mapped to 1-10) | B13: 4 | C13: =INT((B13-1)*10/5)+1 -> 7 | D13: =INT((C13-1)*5/10)+1 -> 4 | E13: =IF(D13=B13,"yes","no") -> yes
A14: VOX level (raw 1-5 mapped to 1-10) | B14: 5 | C14: =INT((B14-1)*10/5)+1 -> 9 | D14: =INT((C14-1)*5/10)+1 -> 5 | E14: =IF(D14=B14,"yes","no") -> yes
A15: TOT (your radio: raw 22) | B15: =Comparison!H67 -> 22 | C15: =B15*5+15 -> 125 | D15: =(C15-15)/5 -> 22 | E15: =IF(D15=B15,"yes","no") -> yes
A17: Active Wait Time, Backlight, Time Zone and GPS are not written by QDMR at all, so they are not round-tripped. Only values QDMR both reads and writes are shown.
